Negative,Neutral,Positive,Compound,Headline
0.244,0.756,0.0,-0.4404,Ukraine to export electricity again after months of Russian attacks
0.291,0.709,0.0,-0.6249,Lions’ Den Terrorists Execute Palestinian for ‘Spying on Behalf of Israel’
0.0,1.0,0.0,0.0,Reintegration: Brazil and Argentina to return to UNASUR
0.0,0.726,0.274,0.5267,"Ukraine deputy minister praises Japan PM's visit to Kyiv, Bucha"
0.419,0.581,0.0,-0.5574,Swiss court upholds Basel begging ban
0.174,0.826,0.0,-0.2263,UK blocks UN webcast on Ukraine over Russia's children's commissioner
0.4,0.6,0.0,-0.7184,Lawyers Meet With Detained WSJ Reporter Evan Gershkovich in Russian Prison
0.0,1.0,0.0,0.0,"India's power output grows at fastest pace in 33 years, fuelled by coal"
0.0,1.0,0.0,0.0,Activities in East Sea must strictly comply with int’l law: VN deputy spokeswoman
0.0,1.0,0.0,0.0,China launches military drills around Taiwan after US Speaker visit | CNN
0.0,1.0,0.0,0.0,Pope Francis appeals to Russians on Ukraine in Easter Mass
0.135,0.735,0.131,-0.0258,"Georgia's former president says he's dying in prison because of Putin, and calls on the US to save his life"
0.159,0.841,0.0,-0.1779,"Member of Kremlin Guard Flees Russia, Details Putin’s Secret Life"
0.167,0.833,0.0,-0.1027,Russia Warns of ‘Countermeasures’ to Finland’s NATO Membership
0.161,0.839,0.0,-0.3182,Leaked Pentagon document says Russia almost shot down UK spy plane near Ukraine
0.0,0.815,0.185,0.3612,Dalai Lama apologizes for asking boy to ‘suck my tongue’ at temple
0.0,1.0,0.0,0.0,British Firm Ships $1.2 Billion of Electronics to Russia Despite Sanctions
0.292,0.708,0.0,-0.5106,Iraqi president condemns Turkish bombardment of autonomous Kurdish region
0.0,0.658,0.342,0.6369,"Vietnam, UAE to soon kick off negotiations of comprehensive economic partnership agreement"
0.0,0.745,0.255,0.34,Japan launches new intel division for economic security
0.262,0.738,0.0,-0.5994,Brazil's Lula Dispatches Envoy to Moscow to Discuss Russia-Ukraine War With Putin
0.543,0.457,0.0,-0.8979,Russia blames jailed Putin critic Navalny for April 2 bombing assassination of Russian propagandist Tatarsky
0.455,0.446,0.098,-0.6124,Israel rejects claim Mossad backed judiciary overhaul protests
0.462,0.538,0.0,-0.7184,Two killed in Russian strike on Ukraine's Zaporizhzhia: Officials
0.125,0.875,0.0,-0.25,Parents protest outside kindergarten in China after teacher has affair with fathers of several pupils
0.211,0.789,0.0,-0.7906,Protesters disrupted vehicle traffic at Paris's main airport and police fired clouds of teargas in other French cities as people marched in their thousands in a new round of strikes and nationwide demonstrations Thursday
0.0,1.0,0.0,0.0,China's Xi discusses Ukraine with French President Macron
0.0,1.0,0.0,0.0,Iraq demands apologies from Turkey for airport shelling
0.256,0.744,0.0,-0.4767,"Baidu sues Apple, app developers over fake Ernie bot apps"
0.0,1.0,0.0,0.0,"Former Italy PM Berlusconi has leukaemia, source says"
0.147,0.761,0.092,-0.25,"Brazil’s Cerrado, second largest biome after the Amazon, could lose 34% of its water by 2050"
0.259,0.741,0.0,-0.5994,Russian defector sheds light on Putin paranoia and his secret train network | Vladimir Putin | The Guardian
0.0,1.0,0.0,0.0,"Airbus to open new China assembly line, gets plane order nod"
0.0,1.0,0.0,0.0,Saudi delegation arrives in Yemen to discuss truce — reports
0.0,0.885,0.115,0.5423,"Russian Foreign Minister Sergei Lavrov , while in Turkey, about any Ukraine peace talks: ""It should be about the principles on which the new world order will be based"""
0.0,0.794,0.206,0.3818,Malaysia says it will protect its rights in South China Sea
0.121,0.794,0.086,-0.0258,"While conflict and inflation will dominate World Bank spring meetings next week, campaigners are pushing for a redesign of global financial architecture to help countries cope with climate change"
0.0,1.0,0.0,0.0,French President Emmanuel Macron arrives in Beijing for state visit
0.412,0.588,0.0,-0.5994,Israel strikes Lebanon and Gaza following militant rocket fire
0.362,0.638,0.0,-0.5267,"Advocates Danger of Closing Border - Akwesasne, Canada"
0.466,0.534,0.0,-0.7269,IDF strikes Syria after 6 rockets fired toward Golan Heights
0.0,1.0,0.0,0.0,German Insurance Companies Renew Nord Stream 1 Coverage
0.0,1.0,0.0,0.0,"France’s Macron begins China trip with Ukraine, trade on agenda"
0.305,0.469,0.227,-0.25,Yemen war: Saudi-Houthi talks bring hope of ceasefire
0.178,0.822,0.0,-0.8225,"U.S. Immigration and Customs Enforcement has arrested retired Salvadoran officer Roberto Antonio Garay Saravia for his involvement in a massacre. The El Mozote massacre, happened in a town in El Salvador, where 1,000 people were killed in December 1981"
0.0,1.0,0.0,0.0,Airlines reopen China - Da Nang air routes
0.0,1.0,0.0,0.0,Chimamanda Adichie on Nigeria’s Hollow Democracy
0.18,0.67,0.149,-0.1531,Macron and von der Leyen: Europe’s good cop and bad cop to meet Xi Jinping
0.0,0.748,0.252,0.4019,"HCM City, Lao capital look to boost cooperation | Politics"
0.0,1.0,0.0,0.0,Zelenskiy indicates Ukraine could pull out of Bakhmut if Russians close in
0.0,1.0,0.0,0.0,Government retreats from Brexit bill plan to ditch EU laws
0.225,0.775,0.0,-0.4939,France: Marseille building collapse injures at least five as witnesses describe ‘explosion’
0.552,0.448,0.0,-0.8126,At least 44 killed in Burkina Faso attacks
0.0,1.0,0.0,0.0,World Health Organization marks 75th anniversary
0.0,1.0,0.0,0.0,Saudi-Omani delegation arrives in Yemen to negotiate permanent ceasefire
0.0,1.0,0.0,0.0,China-Taiwan: Aircraft carrier 'seals off' island on third day of drills
0.262,0.738,0.0,-0.5994,"US, Britain walk out at UN on Russian wanted for war crimes"
0.156,0.844,0.0,-0.34,Austria to arrest Putin and bring him to Hague if he decides to visit
0.326,0.674,0.0,-0.4404,US Sending Experimental Anti-Drone Weapons to Ukraine
0.0,0.741,0.259,0.2023,New Long-Range Air Defence System for the Finnish Defence Forces
0.0,1.0,0.0,0.0,UN concern after its female workers are ‘banned’ from working by Taliban
0.485,0.515,0.0,-0.765,Indonesia shaman accused of killing at least 12 people
0.0,0.842,0.158,0.128,"Philippines, India discuss possible deployment of Indian defense attaché"
0.259,0.741,0.0,-0.4215,Clashes at Jerusalem holy site raises fears of escalation
0.072,0.718,0.211,0.7003,"Muslim, Jain, Sikh and Christian leaders, along with the RSS, are opposing same-sex marriage in an ongoing (Indian) Supreme Court case, arguing that it contravenes religious scriptures, societal values and the natural family order."
0.0,0.741,0.259,0.4215,Genesis Market: Popular cybercrime website shut down by police
0.0,0.714,0.286,0.4939,Silvio Berlusconi being treated in intensive care in Milan
0.235,0.588,0.176,-0.2263,"US, Japan, South Korea urge support for North Korea worker ban"
0.0,1.0,0.0,0.0,German metalworkers' union IGM pushes 4-day work week
0.339,0.661,0.0,-0.6249,Violence erupts at Jerusalem holy site for a 2nd night
0.0,1.0,0.0,0.0,"US, Germany, Hungary oppose offering Ukraine 'road map' to NATO membership."
0.362,0.46,0.178,-0.4939,US searches for source of intelligence leak of Ukraine war plans
0.219,0.781,0.0,-0.4215,Russia and Iran conspire to weaken US dollar in joint meeting
0.0,1.0,0.0,0.0,"CIA director says US felt ""blindsided"" by Saudi Arabia reconciliation with Iran"
0.0,1.0,0.0,0.0,China and Taiwan ships in stand-off near sensitive buffer zone | World News
0.0,0.69,0.31,0.4019,Finland's Marin steps down as party leader
0.0,1.0,0.0,0.0,Saudi delegation arrives in Yemen to discuss truce
0.0,0.693,0.307,0.4767,Dubai court okays fraud-accused Briton's extradition to Denmark
0.0,0.734,0.266,0.4404,"Biden to visit Ireland, mark Good Friday accord anniversary"
0.063,0.858,0.079,0.128,"French President Emmanuel Macron said China can play a major role in Ukraine, as he pushes Europe to take a more moderate stance toward Beijing than the US is demanding"
0.0,1.0,0.0,0.0,Poland aims to produce three quarters of power from renewables and nuclear by 2040
0.0,1.0,0.0,0.0,China's domestically-made aircraft carrier took part in exercise near Taiwan
0.459,0.541,0.0,-0.6249,Azerbaijan Arrests Group Accused of Plotting Iran-Backed Coup
0.0,1.0,0.0,0.0,"/r/WorldNews Live Thread: Russian Invasion of Ukraine Day 411, Part 1 (Thread #552)"
0.0,0.727,0.273,0.25,"Russians may have sabotaged Slovak fighter jets, says defence minister"
0.0,0.741,0.259,0.5423,"France and China call for Ukraine peace talks, Xi urges ‘restraint’"
0.278,0.722,0.0,-0.4019,US deploys guided-missile submarine amid tensions with Iran
0.0,0.804,0.196,0.296,Taiwan raises travel alert for Equatorial Guinea over Marburg outbreak.
0.255,0.745,0.0,-0.34,Warning post-Brexit border checks could deter EU imports
0.0,1.0,0.0,0.0,Fuels from Russian oil gets backdoor entry into Europe via India - Times of India
0.0,0.667,0.333,0.4588,Macron gets rock star welcome in China
0.0,0.686,0.314,0.7506,"European leaders head to Beijing with hope of driving peace in Ukraine, while balancing business ties"
0.0,1.0,0.0,0.0,Palestinians barricade themselves in al-Aqsa as concerns of clashes rise
0.0,0.761,0.239,0.296,Switzerland urged to join taskforce on Russian sanctions
0.225,0.775,0.0,-0.4404,U.S. pledges another $2.6 billion in weapons aid to Kyiv - statement
0.0,1.0,0.0,0.0,Ukraine will negotiate with Russia if its troops get to Crimea: Kyiv official
0.184,0.816,0.0,-0.2023,WSJ Reporter Held in Russia Formally Charged With Spying
0.202,0.711,0.087,-0.7184,"The families of women murdered by men demonstrated Wednesday in defense of a prominent Turkish anti-femicide campaign group, We Will Stop Femicide Platform, accused of activity against law and morals. If convicted, it could be shut down"
0.319,0.681,0.0,-0.7579,"Noel Pearson accused Peter Dutton of 'preparing the grave' to bury the Uluru Statement, after Liberals reject Voice proposal"
0.0,1.0,0.0,0.0,Ukraine updates: Russia ‘using scorched earth tactics’ – DW
0.371,0.629,0.0,-0.7096,"U.S. formally deems jailed Wall Street Journal reporter ""wrongfully detained"" in Russia"
0.248,0.752,0.0,-0.5106,Ottawa condemns Russian embassy calling Finland 'nuclear target' after joining NATO
0.0,0.741,0.259,0.4215,Taliban bans Afghan women from working with United Nations
0.562,0.438,0.0,-0.7717,Tunisia migrant boat shipwrecks leave 27 dead or missing
0.25,0.75,0.0,-0.3947,U.S. searches for source of highly classified intel leak
0.099,0.647,0.254,0.4449,Lebanon and Israel tell UNIFIL they 'do not want a war'
0.0,1.0,0.0,0.0,Finland becomes 31st member of NATO
0.312,0.446,0.241,-0.2023,100 Ukrainian POWs freed in prisoner exchange
0.293,0.707,0.0,-0.4404,Chad to expel German ambassador over ‘discourteous attitude’
0.0,1.0,0.0,0.0,US says it is monitoring China's drills around Taiwan closely
0.0,1.0,0.0,0.0,Documents shed light on Unification Church founder's 1992 visit to Japan
0.0,0.725,0.275,0.4215,"Credit Suisse ‘could not be saved,’ chairman says in apology to shareholders"
0.194,0.486,0.32,0.3169,Israelis protest judicial overhaul despite violence surge
0.0,1.0,0.0,0.0,Saudi delegation to hold ceasefire talks with Yemen's Houthis in Sanaa -sources
0.0,0.821,0.179,0.34,"Divisions emerge in NATO over giving Ukraine a pathway to membership, officials say."
0.0,1.0,0.0,0.0,Polish churches host late-night confession ahead of Easter aided by mobile app
0.129,0.602,0.269,0.3612,Tanker Sets Sail on United Nations Mission to Prevent Catastrophic Oil Spill in Red Sea | United Nations Development Programme
0.0,1.0,0.0,0.0,New Batch of Classified Documents Appear on Social Media Sites
0.0,0.738,0.262,0.5499,Ukraine unveils plan for recaptured Crimea – but West ‘reluctant’ to help
0.0,0.87,0.13,0.128,Rockets launched from Lebanon; at least one intercepted by Iron Dome
0.0,1.0,0.0,0.0,New Indian textbooks purged of nation’s Muslim history
0.485,0.515,0.0,-0.765,UN: Ban on Afghan female staffers by Taliban unacceptable
0.307,0.693,0.0,-0.4767,Iran implicated in foiled attack on Greek synagogue
0.0,0.526,0.474,0.7964,Pope Asks God To Help 'Beloved Ukrainian People' In Easter Sunday Mass
0.0,0.899,0.101,0.2023,Rishi Sunak calls for swift return of Stormont Assembly ahead of President Biden's visit to Northern Ireland
0.0,1.0,0.0,0.0,Latest in Ukraine: Russian Missiles Target Country’s East
0.0,1.0,0.0,0.0,Spike in anti-Muslim rallies since BJP retook India’s Maharashtra
0.204,0.796,0.0,-0.3182,South Korean wartime labor victims seize 4 patent rights of Mitsubishi
0.0,0.827,0.173,0.3182,"China CDC urges WHO to take 'scientific, fair' position on COVID origins"
0.125,0.461,0.414,0.6597,Credit Suisse wins $41 million London lawsuit against Saudi Prince
0.505,0.495,0.0,-0.6249,Australian flood victims struggling with mental health
0.0,0.608,0.392,0.7003,"Benefit sanctions slow people’s progress into work, says report Coffey suppressed"
0.0,1.0,0.0,0.0,UN food agency: $800m urgently needed for Afghanistan
0.189,0.811,0.0,-0.2732,Russia charges Wall Street Journal reporter Gershkovich with espionage - Interfax
0.11,0.772,0.118,0.0516,"Turkish graphic designer detained over anti-Erdoğan stickers he designed, ""Is this product too expensive for you? This is thanks to Erdoğan. """
0.0,1.0,0.0,0.0,TikTok fined £12.7m for misusing children's data
0.0,0.803,0.197,0.4019,Australian Liberal Party confirms it will oppose the Indigenous Voice to Parliament
0.444,0.556,0.0,-0.5859,"Germany: Hamburg fire smoke halts trains, generates warning"
0.0,1.0,0.0,0.0,China and Japan to hold high-level maritime dialogue in Tokyo on Monday
0.0,1.0,0.0,0.0,"Exercise Cope India 23: IAF, US Air Force commence joint military drills"
0.341,0.659,0.0,-0.4767,Sturgeon's husband arrested in SNP finance probe
0.439,0.561,0.0,-0.6908,Gunmen Kill Dozens in Rural Nigerian Village
0.589,0.411,0.0,-0.8625,Ethiopia: Aid group says 2 workers killed amid violence
0.205,0.795,0.0,-0.5574,Latest in Ukraine: UK Says Russia Attempting to Normalize Illegal Annexation of Areas in Ukraine
0.302,0.698,0.0,-0.5994,Upcoming elections can change where Turkey stands on Russia’s war
0.0,1.0,0.0,0.0,WHO: Infertility ‘global health issue’ that affects one in six people
0.0,1.0,0.0,0.0,Johnson & Johnson offers $9bn to settle talc claims
0.0,1.0,0.0,0.0,Indian editors decry government move to police online news
0.177,0.629,0.194,0.0772,"Putin will be arrested if he comes to Ireland, Department of Justice says"
0.0,1.0,0.0,0.0,"/r/WorldNews Live Thread: Russian Invasion of Ukraine Day 408, Part 1 (Thread #549)"
0.324,0.504,0.173,-0.2732,"Pentagon Documents Leak A Risk To US National Security, Officials Say"
0.178,0.822,0.0,-0.3818,Japan to restrict chipmaking equipment exports as it aligns with U.S. China curbs
0.371,0.629,0.0,-0.7579,Mayor closes museum of memories in battle over story of Peru’s violent past
0.222,0.778,0.0,-0.25,"Farmers in Romania, Bulgaria protest Ukrainian grain influx"
0.262,0.738,0.0,-0.5994,Ireland to Consult Public on Military Neutrality in Wake of Ukraine War
0.0,1.0,0.0,0.0,"Japan, S Korea, US concerned over N Korea’s cyber-fundraising"
0.0,0.617,0.383,0.7351,Latest in Ukraine: Macron Urges Xi to Help Arrange Ukraine Peace Talks
0.0,1.0,0.0,0.0,Twitter lifts restrictions on Russian government accounts
0.173,0.827,0.0,-0.3182,"Russia nearly shot down British spy plane near Ukraine, leaked document says"
0.429,0.571,0.0,-0.6705,Eight killed in Bangladesh tribal insurgent gunfight
0.0,0.435,0.565,0.8442,Japan Ruling Party Scores Local Wins as PM’s Support Steadies
0.247,0.753,0.0,-0.5574,"England's junior doctors prepare for strikes that put up to 250,000 appointments and operations at risk"
0.0,1.0,0.0,0.0,"/r/WorldNews Live Thread: Russian Invasion of Ukraine Day 409, Part 1 (Thread #550)"
0.0,0.7,0.3,0.4588,Nato gathers to welcome Finland as 31st member
0.0,1.0,0.0,0.0,"Gunmen kidnap 80, including children, in northwest Nigeria"
0.0,1.0,0.0,0.0,German industrial output rises more than expected in February
0.409,0.591,0.0,-0.8658,Polish Ambassador to France: Poland will be forced to enter war if Ukraine fails to defend itself
0.291,0.709,0.0,-0.6249,India | Hindutva Groups Orchestrated Ram Navami Violence For Political Gains| Countercurrents
0.363,0.637,0.0,-0.6908,Official: Kidnapped Ukrainian children punished for refusing to sing Russian national anthem
0.0,0.569,0.431,0.6486,Japan promises Ukraine continued support at foreign ministers meeting
0.292,0.708,0.0,-0.5106,Palestinians brought bombs to al-Aqsa in last week's riots
0.385,0.615,0.0,-0.7845,UN condemns Taliban's ban on female staff members working for UN in Afghanistan
0.18,0.82,0.0,-0.296,ITF resumes tennis in China with no word on Peng Shuai
0.0,1.0,0.0,0.0,Foxconn founder Gou to run for Taiwan presidency again
0.129,0.871,0.0,-0.5267,"Putin to Denmarks Ambassador in Russia, Denmark should involve Russia in the investigation of sabotage of the Nord Stream pipelines in the Baltic Sea."
0.0,0.69,0.31,0.4019,US to 'help Pakistan' unlock IMF deal
0.0,1.0,0.0,0.0,Ukraine 'ready' to talk on Crimea after counteroffensive
0.434,0.566,0.0,-0.7845,UN Chief Condemns Taliban Ban on Afghan Women Working for UN
0.0,0.927,0.073,0.0258,Ukraine seeks to prevent military leaks after NATO assistance plans reportedly appear on social media
0.273,0.727,0.0,-0.6705,Maia and Rina Dee named as British-Israeli sisters killed in West Bank shooting
0.245,0.755,0.0,-0.5994,Macron counting on China's Xi 'to reason' with Russia over Ukraine war | CNN
0.0,1.0,0.0,0.0,UK to house 500 asylum seekers on barge docked off Dorset
0.0,1.0,0.0,0.0,"China to inspect ships in Taiwan Strait, Taiwan says won't co-operate"
0.0,1.0,0.0,0.0,Xi Jinping says ‘wishful thinking’ to expect Beijing to compromise on Taiwan
0.59,0.41,0.0,-0.802,"Russian strikes kill man, daughter in Ukraine"
0.317,0.634,0.049,-0.802,Russian Foreign Minister Sergei Lavrov on Friday threatened to abandon a landmark grain deal with Ukraine if obstacles to Moscow's exports remained
0.171,0.27,0.559,0.6486,Swiss government cancels Credit Suisse bonuses
0.0,0.827,0.173,0.3182,Montenegro won’t withdraw recognition of Kosovo as the EU calls for calm
0.405,0.27,0.324,-0.296,"Biden: Putin has committed war crimes, charges justified"
0.31,0.69,0.0,-0.5574,"Taliban ban restaurant gardens for families, women in Herat"
0.0,1.0,0.0,0.0,'Operation Cookie Monster': International police action seizes dark web market
0.0,1.0,0.0,0.0,India to require Facebook and Twitter rely on gov't fact checking
0.278,0.722,0.0,-0.4019,Russia swings to $29 bln first-quarter budget deficit
0.0,1.0,0.0,0.0,South Korean president invited to address US Congress
0.0,0.791,0.209,0.4404,"Potential leaders of influential B.C. groups undergo Chinese ‘political review,’ recording reveals"
0.398,0.602,0.0,-0.6486,"Israeli police storm Al-Aqsa Mosque, raising fears of wider fighting"
0.0,0.667,0.333,0.4588,Duda Awards Zelenskyy with Poland’s Highest Order
0.0,1.0,0.0,0.0,Polish PM Morawiecki to begin three-day visit to U.S. on Tuesday
0.0,0.803,0.197,0.4019,Zelenskiy says Poland will help form coalition to supply warplanes to Ukraine
0.0,1.0,0.0,0.0,Ukraine gets back 31 children from Russia after alleged deportation
0.221,0.779,0.0,-0.1779,Russian warship spotted in Saudi Arabian port
0.0,1.0,0.0,0.0,South Korea reports 1st case of locally transmitted monkeypox
0.0,1.0,0.0,0.0,"Lebanese army finds more rockets aimed at Israel, 2 days after rare barrage"
0.0,1.0,0.0,0.0,Red Cross confirms contact with Russia about Ukrainian kids
0.0,1.0,0.0,0.0,Polish PM advocates for fast-track Moldovan EU membership during Chișinău visit
0.333,0.667,0.0,-0.6705,Ex-head of Antonov company charged with negligence in case of Mriya aircraft destruction.
0.0,0.87,0.13,0.128,NATO Member Finland Picks Rafael for Air Defense System - BNN Bloomberg
0.0,0.645,0.355,0.5267,Latest in Ukraine: Belarus Cites Need for Russian Security Guarantee
0.0,1.0,0.0,0.0,Delegation of the US European Command visits Armenia
0.0,0.676,0.324,0.34,"Vietnam, India step up security cooperation"
0.059,0.941,0.0,-0.25,"Israeli demonstrators crowded Tel Aviv late Saturday for another protest against Prime Minister Benjamin Netanyahu's plans to reform the judiciary, despite the process being put on hold. Organizers said around 258,000 people attended"
0.309,0.691,0.0,-0.7003,'Extreme danger' warning in Hamburg as cloud with possible 'chemical components' drifts towards city centre
0.554,0.446,0.0,-0.7351,"EU condemns attacks in Israel, urges 'restraint'"
0.0,1.0,0.0,0.0,Czechia replaces Russian nuclear fuel imports with US imports
0.247,0.753,0.0,-0.3818,"Ukraine’s air defences could soon run out of missiles, apparent Pentagon leak suggests"
0.0,1.0,0.0,0.0,France hikes military reservist age to 70
0.174,0.682,0.144,-0.1027,Dubai Airport expansion project worth $33bn to restart after Covid-19 delay
0.746,0.254,0.0,-0.9403,"Attacks in Israel, West Bank kill 3 in worsening violence"
0.0,0.859,0.141,0.2023,UAE agrees with Vietnam to launch talks on partnership of ‘huge potential’
0.0,0.724,0.276,0.4939,Finland approves $345 million deal for David’s Sling long range air defense system
0.328,0.568,0.105,-0.7269,Former ADF chief calls for release of secret report into security threat posed by climate crisis
0.262,0.738,0.0,-0.4939,Police disrupt potential bomb plot ahead of Biden’s Belfast visit
0.563,0.437,0.0,-0.8834,Israel: UN expert condemns brutal attacks on Palestinians at Al-Aqsa Mosque
0.383,0.374,0.243,-0.128,Credit Suisse shareholders reject executive pay request
0.0,0.645,0.355,0.5267,Apple and global suppliers expand renewable energy to 13.7 gigawatts
0.419,0.581,0.0,-0.7579,"Gaza terrorists fire salvo of anti-aircraft missiles, triggering sirens in Israel"
0.0,0.76,0.24,0.4767,Vietnam to introduce landmark new bill making it easier for trans people to change gender
0.0,1.0,0.0,0.0,"With lavish treatment of Macron, China's Xi woos France to ""counter"" U.S."
0.0,1.0,0.0,0.0,Chinese 'Grandpa' J-6 and J-7 jets are being transformed into UVACs
0.187,0.813,0.0,-0.3182,South Korea to discuss 'issues raised' from leaked documents with U.S.
0.0,0.608,0.392,0.5859,"Ukraine minister says India should be pragmatic in securing energy, defence resources"
0.0,0.753,0.247,0.3182,Hungary to strengthen control over Ukrainian grain imports .
0.429,0.571,0.0,-0.25,Russian protesters sentenced to 19 years
0.164,0.718,0.118,-0.2263,Human Rights nightmare in China as two prominent activists jailed for over a decade each for subversion
0.31,0.69,0.0,-0.5574,UN chief demands Taliban revoke ban on women staff
0.122,0.878,0.0,-0.2023,India confronted Myanmar about Chinese spy post on island in Bay of Bengal: Report
0.0,1.0,0.0,0.0,"China spy facility speculation swirls over Cambodia, Myanmar"
0.213,0.441,0.346,0.2023,New images from inside Fukushima reactor spark safety worry
0.181,0.651,0.167,-0.3182,Ukraine war latest: Kyiv receives $2.6 billion in military aid; Russia creates defense lines in occupied Crimea
0.352,0.648,0.0,-0.4215,Kyiv and Warsaw settle dispute over Ukrainian grain exports
0.0,1.0,0.0,0.0,Chinese planes cross Taiwan Strait median line
0.0,1.0,0.0,0.0,China on track to triple its terawatt-scale wind and solar target
0.293,0.613,0.094,-0.7076,"N. Korean leader raises need to expand war deterrence in more 'practical, offensive' manner: KCNA | Yonhap News Agency"
0.454,0.546,0.0,-0.8074,Man charged with offending religious feelings and insulting monument for pope statue vandalism
0.0,1.0,0.0,0.0,Japan to provide equipment to militaries of like-minded nations
0.234,0.766,0.0,-0.882,"Burkina Faso: At least 44 dead in suspected terrorist attack: Officials have decried the ""despicable and barbaric attack,"" but did not immediately say who was behind it. The West African country has been fighting militants linked to al-Qaida and the Islamic State group since 2013"
0.439,0.561,0.0,-0.886,'They kill each other': Israel Police chief says it is Arabs' 'nature' to murder
0.195,0.805,0.0,-0.4404,"Worst-kept secret? In tweet, ex-PM Barak seems to confirm Israel has nuclear weapons"
0.245,0.755,0.0,-0.3818,New bird flu cases are confirmed in the USA
0.25,0.75,0.0,-0.25,Ukraine updates: Unclear who sabotaged Nord Stream
0.355,0.526,0.118,-0.5574,Israeli forces attack worshippers in Al-Aqsa Mosque raid | Israel-Palestine conflict News
0.0,1.0,0.0,0.0,"Muslim world must unite against Israel, Erdogan says to Iran's Raisi"
0.18,0.82,0.0,-0.5106,High Commissioner Stephen Smith visits Julian Assange in prison as NGO Reporters Without Borders turned away
0.0,1.0,0.0,0.0,China sends carrier group off Taiwan coast ahead of US meeting
0.0,1.0,0.0,0.0,Kazakhstan sues oil majors including Exxon and Shell
0.341,0.659,0.0,-0.4767,British-Israeli mother wounded in W Bank attack dies
0.294,0.706,0.0,-0.3612,"Israel strikes Hamas positions in Lebanon, Gaza"
0.36,0.64,0.0,-0.6705,French Alps avalanche: Guides among 4 killed at Armancette glacier
0.0,1.0,0.0,0.0,Fuels from Russian oil gets backdoor entry into Europe via India
0.083,0.917,0.0,-0.4588,Colombia considers first law on climate refugees in Latin America: A new bill is proposing that the government recognize ‘the existence of forced internal displacement due to causes associated with climate change and environmental degradation’
0.379,0.621,0.0,-0.6705,Russia Orders Deportation Of German Citizen For Violating 'Gay Propaganda' Law
0.0,0.72,0.28,0.5423,Saudi Arabia makes peace proposal for Yemen after Houthi talks
0.421,0.357,0.221,-0.2023,Intelligence leak exposes U.S. spying on adversaries and allies
0.0,1.0,0.0,0.0,South Korea U-turns on 69-hour working week after youth backlash
0.0,1.0,0.0,0.0,"Ukraine wants tighter ties with India, visit by Modi"
0.0,1.0,0.0,0.0,Belize reaffirms ties with Taipei as Taiwanese president visits
0.0,0.865,0.135,0.1027,"Russia seizes Bakhmutka River's west bank, says UK defence ministry"
0.192,0.808,0.0,-0.2263,Britain blocks UN webcast of Russian meeting on Ukraine
0.303,0.328,0.369,-0.0516,Easter pardon: Centuries-old Spanish ritual frees criminals
0.0,1.0,0.0,0.0,Foxconn founder Terry Gou says he will seek Taiwan presidency
0.217,0.783,0.0,-0.3612,IDF strikes in Gaza after factions launch rockets into Israel
0.203,0.57,0.228,0.1027,Pakistan parliament rejects Supreme Court order to conduct provincial snap polls
0.0,1.0,0.0,0.0,China’s Ambassador to the E.U. Tries to Distance Beijing From Moscow
0.259,0.741,0.0,-0.4215,Italy watches as ex-PM Silvio Berlusconi lies in hospital
0.0,1.0,0.0,0.0,"Pakistan an IMF member, not a beggar: Ishaq Dar"
0.0,0.741,0.259,0.4847,Russian liquid gas sales to EU jump 38% despite war
0.263,0.737,0.0,-0.3612,Ukraine: Holding on to Bakhmut as fighting intensifies
0.0,0.796,0.204,0.3182,UAE and Canada to increase flights to 21 per week
0.34,0.66,0.0,-0.5574,Israeli military retaliates after rockets fired from Syria
0.0,0.896,0.104,0.2732,U.S. Department of Energy put the brakes on South Korea's plans to export nuclear power plants to the Czech.
0.351,0.649,0.0,-0.7579,"2 people are dead, 20 missing, as a migrant boat sinks off the coast of Tunisia"
0.156,0.844,0.0,-0.34,Israel says it is striking targets in Syrian territory in response to rocket fire
0.0,1.0,0.0,0.0,French and German tourists turn their back on Brexit Britain.
0.113,0.887,0.0,-0.1027,Russia warns West: we may work around the Black Sea grain deal
0.421,0.579,0.0,-0.6249,Mossad rejects claims it influenced Israeli judicial reform protests
0.0,1.0,0.0,0.0,Ireland to contribute funding to delivery of 500 tonnes of seed potatoes to Ukraine
0.3,0.5,0.2,-0.1027,Iran protests: Victims shot in eyes hold on to hopes
0.2,0.615,0.185,-0.0516,Israel to UN: Security Council must condemn Lebanon and Hamas
0.0,0.833,0.167,0.4215,Porn sites would have to verify users are over 18 under federal online safety plans
0.267,0.733,0.0,-0.8979,"A bomb blast in Pakistan's southwestern province of Balochistan killed at least four people and wounded 15 others on Monday. The bomb targeted a police vehicle in a busy market in Quetta, the capital of Balochistan"
0.35,0.65,0.0,-0.6486,Pet dog dead after contracting avian influenza in Canada
0.264,0.736,0.0,-0.5106,Protesters storm BlackRock's Paris office holding red flares and firing smoke bombs | CNN Business
0.197,0.803,0.0,-0.4019,US navy sends nuclear submarine to Middle East amid soaring Iran tensions
0.256,0.744,0.0,-0.4767,North Korea conducts another test of underwater nuclear attack drone
0.252,0.652,0.096,-0.5574,Torrents of Antarctic meltwater are slowing the currents that drive our vital ocean 'overturning' – and threaten its collapse
0.0,1.0,0.0,0.0,Turkey compares Sweden to Nazi Germany
0.219,0.781,0.0,-0.4215,"Amid Moscow threats, Finland to purchase Israeli David’s Sling anti-missile system"
0.0,1.0,0.0,0.0,"Worldwide executions for drug convictions have surged, more than doubling in 2022 compared with 2021"
0.0,1.0,0.0,0.0,(LEAD) S. Korea to hold necessary discussions with U.S. after CIA eavesdropping report | Yonhap News Agency
0.0,0.732,0.268,0.5106,Yemen: Saudis free 13 Houthis as Omani officials visit Sanaa
0.24,0.76,0.0,-0.6249,"Greenhouse gas emissions rose at ‘alarming’ rate last year, US data shows | Climate crisis"
0.168,0.72,0.112,-0.1779,Polish minority leader cleared of “hatred” and “Nazism” charges in Belarus
0.0,1.0,0.0,0.0,China practices blockades on last scheduled day of Taiwan drills
0.0,1.0,0.0,0.0,"Rocket sirens sound after Palestinians, Israeli forces clash in al-Aqsa"
0.459,0.541,0.0,-0.5267,Schoolgirl poisonings continue across Iran
0.0,1.0,0.0,0.0,France's Macron: EU shouldn't follow US or China on Taiwan
0.0,1.0,0.0,0.0,"US, Germany oppose NATO Membership Action Plan for Ukraine"
0.142,0.799,0.059,-0.5267,"Deforestation in Brazil's Amazon rainforest in the first quarter of 2023 was one of the worst on record, according to official figures released on Friday"
0.0,1.0,0.0,0.0,‘Headed off the charts’: world’s ocean surface temperature hits record high
0.379,0.621,0.0,-0.7269,Brazilian president proposes Ukraine cede Crimea to Russia to stop the war
0.16,0.84,0.0,-0.2263,Body of suspected migrant found close to Lithuania’s border with Belarus
0.0,1.0,0.0,0.0,"India: Demolish Taj Mahal and Qutub Minar, says BJP MLA"
0.147,0.853,0.0,-0.2263,Poland cancels World Cup fencing event over admission of Russians and Belarusians
0.196,0.804,0.0,-0.296,EU seeks its own response to China's aggression in Asia
0.0,0.849,0.151,0.2411,"'Youth trips to Poland should not include perversion of History,' minister says"
0.168,0.749,0.083,-0.5106,India town mourns burning of historic library at Muslim school: Residents of Bihar Sharif town are still coming to terms with attack on a century-old ‘madrassa’ during the Hindu festival of Ram Navami.
0.157,0.843,0.0,-0.3818,Russian rouble fell to its lowest level over last year: 80 roubles to the dollar
0.196,0.804,0.0,-0.296,Twitter is no longer policing Russian and Chinese state-backed media
0.0,1.0,0.0,0.0,China simulates hitting 'key targets' on Taiwan
0.281,0.719,0.0,-0.6908,Israeli troops kill Palestinian teen in raid as settlers march through West Bank
0.132,0.868,0.0,-0.4939,"Mexico: Beekeepers in Campeche are blaming agrochemical testing linked to Bayer-Monsanto for the deaths of more than 300,000 bees in their apiaries"
0.124,0.807,0.069,-0.2263,Former Brazilian president Bolsonaro questioned: The former president was probed about receiving diamond jewelry gifts back when he was in office. Bolsonaro has repeatedly denied any wrongdoing related to the gifts
0.0,1.0,0.0,0.0,China’s Xi Courts France’s Macron in Bid to Drive Wedge Between Europe and U.S.
0.0,1.0,0.0,0.0,Ukraine pushes for Western warplane 'coalition'
0.206,0.625,0.169,-0.1531,"Lithuania’s President Nausėda failed to disclose membership in Communist Party, documents show"
0.0,1.0,0.0,0.0,Latvia reintroduces compulsory military service
0.221,0.604,0.174,-0.1779,"Global economy heading for weakest growth since 1990, says IMF boss"
0.115,0.796,0.089,-0.2023,"The Taliban have extended a ban on women working for NGOs to the United Nations' mission throughout the country, a UN spokesman announced Tuesday, calling such an order ""unacceptable"""
0.0,0.642,0.358,0.5994,"Sex is a 'beautiful thing', Pope says in documentary"
0.0,1.0,0.0,0.0,"To build its ‘green’ capital city, Indonesia builds a road through the highly biodiverse Sungai Wain forest and coastal mangrove forests"
0.419,0.581,0.0,-0.7579,Prisoners put in punishment cell allegedly for 'writing book in Kurdish'
0.191,0.809,0.0,-0.3818,"As repression grows in Saudi Arabia, so too does investment in sports"
0.127,0.718,0.155,0.128,Increasing numbers of people turn to charity to keep pets amid cost of living pressures
0.0,1.0,0.0,0.0,China and Taiwan ships in stand-off near sensitive buffer zone
0.149,0.851,0.0,-0.1027,Explosions rock Melitopol as Russia warns of Ukraine counter-attack
0.568,0.303,0.129,-0.7783,'Culture of fear': Britain's growing slavery problem
0.0,1.0,0.0,0.0,Türkiye to revisit discussion of Sweden's NATO bid in June - presidential spox
0.123,0.877,0.0,-0.1027,"Stoltenberg speaks on Ukraine’s NATO future, warns China not to meddle"
0.0,0.785,0.215,0.5256,"Ukrainian President Volodymyr Zelensky has visited Poland, as his hosts promised to send more fighter jets to Ukraine."
0.0,1.0,0.0,0.0,"WTA must stand firm on Peng and China, says human rights advocate"
0.0,1.0,0.0,0.0,"'One Of The World's Largest' Cybercrime Markets, Believed To Be Located In Russia, Shut Down"
0.0,1.0,0.0,0.0,"India to get Zircon missile technology from Russia, may develop BrahMos-II"
0.0,0.849,0.151,0.1531,China flies fighter jets near Taiwan after leader's US trip
0.0,0.72,0.28,0.5423,Macron tells Xi to reason with Russia for Ukraine peace
0.379,0.621,0.0,-0.7269,Israel launches strikes in Gaza after barrage of rockets fired from Lebanon
0.0,0.705,0.295,0.5574,"Iran, Saudi foreign ministers meet in China, vow to restore 'security and stability'"
0.191,0.809,0.0,-0.2235,China Calls on Japan to Not Join U.S. ‘Encirclement’
0.111,0.754,0.136,0.128,Liberal party accused of ‘turning its back’ on Indigenous people by opposing Indigenous voice to parliament - Australia
0.0,1.0,0.0,0.0,NATO Plans Record Air Exercise as Finland Joins Alliance
0.139,0.741,0.12,-0.1027,"Less than 3% world economic growth predicted due to geopolitical divisions and US bank failures, says IMF chief"
0.141,0.859,0.0,-0.2023,Saudi delegation arrives in Yemen to negotiate permanent ceasefire with Houthi rebels
0.307,0.693,0.0,-0.4767,N Korea says tested another underwater nuclear attack ‘drone’.
0.0,1.0,0.0,0.0,"Macron says Europe must not be 'follower' of US, China on Taiwan"
0.095,0.905,0.0,-0.4588,"Dutch court blocks plans to cut Schiphol Airport flights:A Dutch court overruled a government plan to cap flights at Amsterdam's Schiphol Airport, one of Europe's busiest aviation hubs. The decision is a blow to efforts to reduce CO2 emissions and noise pollution"
0.0,0.86,0.14,0.3818,"Tall wooden ship ""Amerigo Vespucci"" to embark on ‘Made in Italy’ world tour to promote national identity"
0.381,0.619,0.0,-0.7506,China accuses WHO of politicising search for Covid origins after complaints about lack of transparency
0.0,1.0,0.0,0.0,Operation Cookie Monster: International sting brings down major dark web marketplace
0.0,1.0,0.0,0.0,Iran and Saudi Arabia announce immediate restoration of diplomatic ties after historic meeting in Beijing
0.0,1.0,0.0,0.0,"Expansion of Mennonite colonies encroaches on Indigenous land in Bolivia, brings large scale deforestation"
0.0,1.0,0.0,0.0,Hungarian Foreign minister objects to Ukraine being invited to meeting of NATO Foreign Ministers' Council
0.143,0.857,0.0,-0.128,Turkey escalates against US-Kurdish alliance in Syria with drone strike
0.0,0.769,0.231,0.4019,Far-right Finns Party moves to ECR group in EU Parliament
0.184,0.816,0.0,-0.2023,Saudi officials visit Yemen's capital for talks with rebels
0.0,1.0,0.0,0.0,Japan takes chunk out of dependence on Russian coal
0.505,0.495,0.0,-0.8481,Gaza terrorists fire 2 rockets at Israel as Passover begins and tensions climb
0.0,1.0,0.0,0.0,Poland overtakes US to have world’s second largest lithium-ion battery production capacity
0.0,0.86,0.14,0.0772,Taliban prevents women from working at UN in Afghanistan
0.141,0.621,0.237,0.4019,Georgian president to Ukrainians: you are fighting for our freedom and European future
0.262,0.738,0.0,-0.5994,"France's Macron, EU chief call on China to mediate in Ukraine war"
0.0,0.641,0.359,0.8126,Rishi Sunak pledges to fulfil promise of Good Friday Agreement in Northern Ireland ahead of Joe Biden visit
0.0,1.0,0.0,0.0,Italy prepares measures to face declining birth rates
0.302,0.698,0.0,-0.5994,Three Assad advisers indicted in France for Syria war crimes
0.444,0.498,0.057,-0.9022,"Israeli ex-senior defense official: Enemies 'rub eyes in disbelief,' wonder if Israel wants to die by suicide"
0.459,0.541,0.0,-0.7783,U.S. Marine stationed at Iwakuni base arrested for stealing car
0.0,1.0,0.0,0.0,Debris is found during a search for a Japanese army helicopter carrying 10
0.485,0.515,0.0,-0.765,Two Israelis die in crash caused by Palestinian shooting
0.0,1.0,0.0,0.0,NATO announces date of largest air force exercise in history
0.0,1.0,0.0,0.0,Twitter: BBC objects to government funded media label
0.0,1.0,0.0,0.0,"India, world's third-largest emitter, adds coal power at near-record pace"
0.0,1.0,0.0,0.0,"Microsoft sold software to sanctioned Russian companies, says US government"
0.2,0.8,0.0,-0.5423,Russia violating international law by not allowing consular access to WSJ reporter -U.S. State Dept
0.0,0.703,0.297,0.6705,Dalai Lama apologises after kissing boy and asking him to ‘suck his tongue’ | Dalai Lama
0.558,0.442,0.0,-0.743,Ukraine War Plans Leak Prompts Pentagon Investigation
0.209,0.791,0.0,-0.4404,Video showing Dalai Lama asking boy to suck his tongue triggers row
0.231,0.769,0.0,-0.5994,Caucasian knot: Ayatollahs supply Putin with drones via Armenia for the war in Ukraine
0.152,0.696,0.152,0.0,Gantz says 3 mayors he had met with were excluded from Netanyahu security call
0.0,0.926,0.074,0.34,"Carrying Israeli flags and accompanied by soldiers, thousands of determined demonstrators rallied in the West Bank on Monday, pushing for more settlements to be set up in the occupied Palestinian territory"
0.238,0.762,0.0,-0.2924,"Despite Lula's promises, deforestation still rampant in Brazil"
0.0,1.0,0.0,0.0,Children’s rights commissioner notifies police over Polish youth mental health campaign involving TikTok
0.272,0.728,0.0,-0.6249,"Ram Navami Violence: OIC Expresses 'Deep Concern', India Calls Statement 'Communal Mindset'"
0.31,0.69,0.0,-0.5574,Israel hits Syria after rockets fired toward Golan Heights
0.0,1.0,0.0,0.0,Polish government minister proposes “anti-bug law” to label foods containing insects
0.119,0.881,0.0,-0.4767,"A Russian national arrested in Yerevan, wanted in Russia for desertion, has been released. Armenian officials say extraditing the man to Russia isn't under discussion."
0.0,0.855,0.145,0.296,Saudi Arabia and Iran work to restore relations as foreign ministers meet in Beijing
0.0,0.798,0.202,0.5106,"Canada's federal privacy commissioner has launched an investigation into the company behind ChatGPT, an explosively popular artificial intelligence-powered chatbot"
0.0,0.784,0.216,0.296,Mikheil Saakashvili: Thousands join mass anti-government rally in Georgia
0.196,0.804,0.0,-0.296,Japanese military helicopter goes missing with several people on board
0.0,1.0,0.0,0.0,European Commission ‘concerned’ by China’s military drills near Taiwan
0.0,0.893,0.107,0.2023,"Putin berates US and EU envoys, top official says US aid fuelling Ukraine war's 'hot phase'"
0.043,0.957,0.0,-0.128,"The rebellion against the decision by the International Fencing Federation to reintegrate Russians and Belarusians into the Olympic sport grew on Wednesday with the cancellation of the women's World Cup event in Poznan, Poland"
0.328,0.672,0.0,-0.5994,Frogs’ legs and foie gras targeted for cruelty controls
0.078,0.887,0.035,-0.3818,"Saudi Arabia’s unemployment rate dropped by four percent in Q4 of 2022, mainly driven by the large influx of Saudi women joining the workforce, the General Authority for Statistics in the Kingdom reported on Thursday."
0.0,0.714,0.286,0.5574,"North Korea hackers using increasingly sophisticated techniques, UN report says"
0.167,0.833,0.0,-0.4588,Belarus leader says he wants guarantees that Russia will defend his country if it is attacked
0.0,0.828,0.172,0.3612,"Iran and Saudi Arabia agree to reopen embassies, resume flights in China-brokered thaw"
0.148,0.852,0.0,-0.3818,"Report: German Meat Consumption Declined in 2022, At Lowest Point Since Data Collection Began in 1989"
0.0,1.0,0.0,0.0,Kremlin: Nuclear deployment to Belarus is response to NATO expansion
0.138,0.862,0.0,-0.34,China accuses Canadian MPs of foreign interference after report saying Taiwan should decide its own future
0.0,0.865,0.135,0.1027,Over 1.8 mln unexploded bombs cleared in Laos since 1996
0.347,0.533,0.12,-0.5267,"Man charged after allegedly driving at, threatening worshippers at Ontario mosque"
0.0,1.0,0.0,0.0,"China sanctions Reagan library, others over Tsai's US trip"
0.301,0.699,0.0,-0.6486,"At least 21 dead in Somalia's flash floods, says U.N. agency"
0.189,0.811,0.0,-0.1027,Economiesuisse warns against rushing to regulate banks
0.0,0.762,0.238,0.3612,Zelenskyy visits Poland to thank ally and meet Ukrainians
0.0,0.741,0.259,0.4215,"Ukraine updates: Russia gaining ground in Bakhmut, says UK"
0.296,0.704,0.0,-0.2732,Russia charges US reporter with espionage
0.561,0.439,0.0,-0.7501,Iranian Schoolgirls Poisoned in more Attacks (Iran)
0.0,1.0,0.0,0.0,"/r/WorldNews Live Thread: Russian Invasion of Ukraine Day 410, Part 1 (Thread #551)"
0.235,0.588,0.176,-0.2263,US and Asian allies urge support for North Korea worker ban
0.0,1.0,0.0,0.0,France's President Macron overrides parliament to pass retirement age bill
0.0,1.0,0.0,0.0,A New Zealand company has started flying a rocket-powered spaceplane
0.177,0.669,0.154,-0.2023,‘Gold library’ helps Brazil crack down on Amazon’s illegal mining: catalog of ore samples' chemical 'fingerprints' can help authorities identify the origin of seized or suspicious gold
0.0,1.0,0.0,0.0,North Korea claims another test of underwater nuclear drone
0.188,0.667,0.145,-0.1779,Israel: Security cabinet convenes to weigh response to major rocket attack from Lebanon
0.358,0.642,0.0,-0.969,"DR Congo: 6 jailed for life over killing of Italian envoy. Public prosecutors had originally sought the death penalty for the six accused. Three people, including Italian ambassador Luca Attanasio, were killed on February 22, 2021 in an ambush on a UN convoy in eastern Congo"
0.0,0.787,0.213,0.4019,India approves installation of 10 new nuclear reactors in five states
0.209,0.791,0.0,-0.4404,Brazil prosecutors seek $2.5 bln in damages from alleged orange juice cartel
0.369,0.631,0.0,-0.4767,PSNI chief warns of dissident republican disorder during Easter
0.298,0.702,0.0,-0.9169,Syria: Nine Truffle hunters killed by IS land mine. The workers were killed when their vehicle hit a land mine. It's the latest in a spate of attacks on truffle hunters in Syria
0.0,1.0,0.0,0.0,Ardern makes final address as MP to New Zealand parliament
0.189,0.811,0.0,-0.2732,North Korea ignores South Korea’s phone calls for 4th day
0.18,0.82,0.0,-0.296,"Putin Opens Talks With Belarus Leader, No Public Mention of Ukraine"
0.301,0.699,0.0,-0.5106,Leaked documents show Seoul torn between U.S. demands and its own policy
0.149,0.851,0.0,-0.6808,Zimbabwe opposition tweet case fuels poll crackdown fears: CCC spokesperson Fadzayi Mahere has been convicted of spreading falsehoods over a tweet showing video of a woman carrying her baby on her back being beaten by police
0.0,0.918,0.082,0.34,"Belarus' Lukashenko asks for Russian security guarantees: The Belarusian leader called for Russia to defend Belarus ""as its own territory."" Belarus hosts a contingent of thousands of Russian troops"
0.213,0.667,0.12,-0.34,Pakistan parliament rejects top court order to conduct provincial snap polls - speaker
0.0,0.789,0.211,0.34,"Japan wants to secure cooperation with NATO, foreign minister says"
0.0,0.631,0.369,0.4767,Ukraine's Ministry of Defence approves members of anti-corruption council
0.0,1.0,0.0,0.0,Ukraine Pushes for Western Warplane 'Coalition'
0.216,0.784,0.0,-0.296,Taiwan defies China pressure before US House speaker meeting
0.0,1.0,0.0,0.0,German chancellery defends record on sending arms to Ukraine
0.337,0.663,0.0,-0.7269,Israel launches strikes in Lebanon and Gaza after barrage of rockets fired across border
0.0,0.885,0.115,0.296,Taliban bars Afghan women from working for U.N. in latest blow to women's rights and vital humanitarian work
0.245,0.755,0.0,-0.3818,Russia: West must remove obstacles to its grain exports
0.121,0.879,0.0,-0.0258,Archaeologists uncovers remains of tenement house from Warsaw Ghetto
0.0,1.0,0.0,0.0,Airbus widens its lead over Boeing in China with plans for second finishing line
0.209,0.695,0.096,-0.4767,"Amid Ukraine war, India’s oil imports from Russia now double of traditional top supplier Iraq"
0.0,1.0,0.0,0.0,"Air Force: Russia's supply of long-range, high-precision missiles ""nearly"" used up"
0.235,0.602,0.163,-0.296,EU lashes out at China for support of Russia in Ukraine war
0.0,0.722,0.278,0.4019,Czech government approves plan for regulated cannabis market
0.252,0.748,0.0,-0.4019,US flies nuclear-capable bombers amid tensions with N. Korea
0.076,0.848,0.076,0.0,"A wartime NATO struggles to replace its chief | The job is suddenly politically sensitive and high-profile, driving people to float names like Ursula von der Leyen that are unlikely — for now."
0.207,0.593,0.2,-0.0258,Twitter fails to report some political ads after promising transparency
0.0,1.0,0.0,0.0,New Russian militia Convoy rises as Wagner Group gets too big to control
0.281,0.719,0.0,-0.5994,Ukraine war: Poland pledges more jets to Ukraine as Zelensky visits
0.306,0.522,0.172,-0.2023,"Zelenskyy boosts ties with Poland, warns of peril in Bakhmut"
0.0,1.0,0.0,0.0,"Russian girl in anti-war art case given to mother: A Russian girl who was sent to an orphanage after drawing a pro-Ukraine sketch has been collected by her mother, a government official said. The mother has reportedly not lived with the family in years"
0.0,1.0,0.0,0.0,"India releases tiger census data: 3,167 tigers in 2022, up from 2,967 in 2018"
0.0,1.0,0.0,0.0,Finland to purchase Israel's David's Sling anti-missile system
0.554,0.446,0.0,-0.7351,Afghan religious scholars criticize girls' education ban
0.0,0.813,0.187,0.3182,China jails two prominent human rights lawyers for over ten years
0.0,1.0,0.0,0.0,Macron: Europe should not follow US or Chinese policy over Taiwan
0.0,1.0,0.0,0.0,Saudi officials arrive in Iran to discuss reopening diplomatic missions
0.0,1.0,0.0,0.0,Rivals Iran and Saudi Arabia hold high-level talks
0.355,0.645,0.0,-0.5106,Tariff-free Ukrainian grain angers Eastern European farmers
0.0,1.0,0.0,0.0,"Europe should not follow US or China on Taiwan, French President Macron says"
0.223,0.777,0.0,-0.3182,US Deploys Nuclear Submarine in Mideast Amid Iran Tension
0.323,0.677,0.0,-0.5106,Northern Ireland police warn of potential dissident attacks on Easter Monday
0.0,1.0,0.0,0.0,"Days After China Renames Places in Arunachal, Amit Shah Says Not an Inch of Land Can Be Encroached"
0.18,0.82,0.0,-0.296,"Ahead of Biden-Yoon Meeting, US Accused of Spying on South Korea"
0.223,0.777,0.0,-0.6486,"In Ukraine's strategic rail town of Kupyansk, there's defiance, but creeping fear of a new Russian occupation"
0.0,0.821,0.179,0.34,Korea to 'consult' with US over alleged wiretapping of national security office
0.0,1.0,0.0,0.0,Bulgaria closes sea and river ports to Russian ships
0.279,0.721,0.0,-0.4767,Putin will get arrested if he comes to Germany
0.0,1.0,0.0,0.0,Zelensky congratulates Finland on NATO accession.
0.423,0.577,0.0,-0.765,Attack kills around 20 in eastern Congo; Islamic State claims responsibility
0.196,0.804,0.0,-0.296,"Europe must resist pressure to become ‘America’s followers,’ says Macron"
0.365,0.635,0.0,-0.5574,Young tradie warns of silica-related illnesses after needing lung transplant
0.34,0.66,0.0,-0.3818,Seoul warns N Korea to stop use of factory complex
0.0,1.0,0.0,0.0,Airbus to Double Production in China as It Moves Ahead With New Orders
0.0,1.0,0.0,0.0,Iranian delegation to travel to Saudi Arabia for embassy reopening
0.2,0.8,0.0,-0.4588,"Moldova signs contract for gas supplies from Greece, depriving Gazprom of another market"
0.0,1.0,0.0,0.0,Estonia announces largest exercises of reserve in country’s history
0.0,1.0,0.0,0.0,US Secretary of State to visit Vietnam next week
0.6,0.4,0.0,-0.926,At least one dead and six injured in a terror attack in Tel Aviv
0.0,1.0,0.0,0.0,UK firm has exported $1.2 billion of electronics to Russia despite sanctions
0.129,0.585,0.287,0.4019,Home Office admits no evidence to support key claim on small boat crossings
0.434,0.566,0.0,-0.5574,Israel's Netanyahu says enemies will pay 'heavy price'
0.0,1.0,0.0,0.0,China announces multi-day military drills after Taiwan leader’s US trip
0.0,0.811,0.189,0.2732,Deadliest volcano in Western Hemisphere shows signs of increased activity
0.0,0.775,0.225,0.4404,Pope Francis to skip Good Friday procession due to cold weather
0.179,0.821,0.0,-0.34,China accuses U.S. of using Taiwan as ‘ATM for American arms sellers’
0.456,0.544,0.0,-0.7717,Olaf Scholz faces new probe over German tax fraud scandal
0.323,0.677,0.0,-0.6486,"2 dead, over a million without power after ice storm hits Canada"
0.0,1.0,0.0,0.0,China vows 'forceful' measures after US-Taiwan meeting
0.455,0.545,0.0,-0.6124,Russia arrests LGBTQ+ YouTubers on ‘gay propaganda’ charges
0.427,0.573,0.0,-0.7717,Macron fails to move Xi Jinping over Russia’s war on Ukraine
0.0,0.826,0.174,0.2732,Ukraine creates international coalition to bring Ukrainian orphans back from Russia
0.112,0.714,0.173,0.296,Polish constitutional judges refuse to hear case on unlocking EU funds until chief justice steps down
0.244,0.756,0.0,-0.4404,Sri Lankan catholic church seeks UN-led probe on Easter attacks.
0.34,0.66,0.0,-0.5574,China weighs export ban for rare-earth magnet tech
0.123,0.877,0.0,-0.2732,"Poland has bomb shelters for 300,000 people but “places of shelter” for 48 million, finds inventory"
0.0,1.0,0.0,0.0,"Iran installs cameras in public places to identify, penalise unveiled women"
0.192,0.808,0.0,-0.2263,Swedish police appeal court ruling allowing Quran burning protests
0.223,0.777,0.0,-0.3182,Russia loses election to three UN bodies over Ukraine
0.0,1.0,0.0,0.0,Father Of Russian Girl Who Drew Anti-War Picture Is Being Held In Belarus Pending Extradition Hearing
0.0,1.0,0.0,0.0,Greece's Opposition Vows to Legalize Same-sex Marriage
0.0,1.0,0.0,0.0,Mexico police seize dozens of exotic animals during raid
0.0,0.824,0.176,0.128,Israel: Netanyahu reverses decision to sack defense minister
0.0,1.0,0.0,0.0,Iran appoints new ambassador to UAE after 8 years
0.184,0.816,0.0,-0.5574,Petrol bombs and other missiles have been thrown at police during an illegal republican parade in Londonderry.
0.167,0.833,0.0,-0.296,"Ukraine to stop exporting grain to Poland, keep transit to third countries."
0.27,0.606,0.123,-0.6317,Russian crude supplies to India at discounted rates not to be affected by Opec+ oil output cut
0.441,0.559,0.0,-0.6486,Twitter accused of censorship in India as it blocks Modi critics
0.0,0.795,0.205,0.2023,Russia continues information crackdown with new Wikimedia fine
0.369,0.455,0.176,-0.5267,A leak of files could be America’s worst intelligence breach in a decade
0.173,0.494,0.333,0.3182,European Parliament approves pay transparency directive
0.281,0.719,0.0,-0.5994,Russian official sought by ICC for war crimes speaks at UN
0.0,1.0,0.0,0.0,"/r/WorldNews Live Thread: Russian Invasion of Ukraine Day 407, Part 1 (Thread #548)"
0.352,0.648,0.0,-0.5859,20 Iranian Schoolgirls Hospitalized with Poisoning Symptoms (Iran)
0.126,0.631,0.243,0.3182,Support Grows to Have Russia Pay for Ukraine’s Rebuilding
0.583,0.417,0.0,-0.8126,‘Barbaric’ attacks leave 44 civilians dead in Burkina Faso
0.169,0.692,0.138,-0.1027,Ukraine's military reports significant pressure on Russian troops on Kinburn Spit
0.106,0.704,0.191,0.1779,Former defence leaders urge Australian government to release report into national security risks posed by climate change
0.0,0.764,0.236,0.4019,"15 EU countries, including Germany and France, join legal case against Hungary's anti-LGBT law"
0.0,0.741,0.259,0.5423,"Saudi, Omani envoys in Yemen for peace talks with Houthi leaders"
0.0,1.0,0.0,0.0,Nato's border with Russia doubles as Finland joins - BBC News
0.0,1.0,0.0,0.0,"Airbus to launch second assembly line at China factory as part of trade, tech deals between Beijing and Paris"
0.353,0.647,0.0,-0.7184,French unions to hold day of strikes after talks with prime minister fail
0.365,0.635,0.0,-0.5574,Israel's Netanyahu Vows Enemies Will 'Pay Price' After Lebanon Rockets
0.0,1.0,0.0,0.0,Somalia Bans Guns From Streets of Mogadishu
0.241,0.759,0.0,-0.2263,India protests as China renames Himalayan mountains
0.29,0.71,0.0,-0.8555,"Dutch journalist who writes critically on China targeted in “bizarre” intimidation scheme, including a bomb threat made in her name against the Chinese embassy in The Hague"
0.198,0.729,0.073,-0.5859,"South Africa has learned with ""shock and dismay"" that the United Arab Emirates turned down the extradition of Atul and Rajesh Gupta, who are accused of organizing corruption on an industrial scale."
0.0,1.0,0.0,0.0,Home Office pauses removal of Kabul embassy Gurkhas
0.0,1.0,0.0,0.0,"/r/WorldNews Live Thread: Russian Invasion of Ukraine Day 406, Part 1 (Thread #547)"
0.0,0.866,0.134,0.1779,Japan changes aid rules; to extend equipment to militaries of 'like-minded' nations
0.0,0.859,0.141,0.2023,"Top Iranian, Saudi envoys meet in China in restoration of diplomatic ties"
0.0,1.0,0.0,0.0,Israeli police storm al-Aqsa mosque for the second time on Wednesday
0.206,0.794,0.0,-0.3818,49 countries condemn Russia's attempts to justify deportation of Ukrainian children
0.0,0.815,0.185,0.3612,Saudi Arabia and Iran agree to reopen embassies during new China meeting
0.236,0.764,0.0,-0.6597,"Drone strike targets the commander of the Syrian Democratic Forces, Turkey suspected; Mazlum Kobane was traveling in a convoy with US officials at the time of the unsuccessful strike"
0.327,0.673,0.0,-0.5267,Sweden: State actor likeliest culprit for pipeline sabotage
0.439,0.561,0.0,-0.5719,"English doctors' strike could be catastrophic, official says"
0.0,1.0,0.0,0.0,Turkey ratifies Finland's NATO membership
0.0,1.0,0.0,0.0,"Hezbollah, Hamas leaders meet on Al-Aqsa mosque incident"
0.25,0.75,0.0,-0.4588,Work-from-home order issued as Thailand’s Chiang Mai chokes on pollution
0.0,0.761,0.239,0.296,China invites Venezuela to join moon base project
0.609,0.391,0.0,-0.7783,8 people missing in fiery collapse of Marseille building
0.0,0.783,0.217,0.3612,Xi Jinping supports French president’s ambition for Europe’s strategic autonomy
0.514,0.486,0.0,-0.8126,At least 44 killed in Burkina Faso 'terrorist' attacks
0.0,1.0,0.0,0.0,Haiti's outgunned police will have to wait even longer for Canadian armoured cars
0.0,1.0,0.0,0.0,Silvio Berlusconi diagnosed with leukemia
0.0,1.0,0.0,0.0,Repeating radio signal leads astronomers to an Earth-size exoplanet | CNN
0.369,0.462,0.169,-0.3818,Thousands join Israeli judicial protests in shadow of attacks
0.0,1.0,0.0,0.0,Ukraine urged to give up Crimea by Brazil's Lula
0.0,1.0,0.0,0.0,Macron counting on Xi to 'bring Russia to senses'
0.044,0.778,0.178,0.7717,"Peru ex-leader Alejandro Toledo wins reprieve in extradition from US: Toledo is accused of taking $20 million in bribes from Odebrecht, a giant Brazilian construction company that has admitted to U.S. authorities that it bribed officials to win contracts throughout Latin America for decades"
0.0,1.0,0.0,0.0,China plans $500M subsea internet cable to rival US-backed project
0.0,1.0,0.0,0.0,Lithuania bans Russians from buying real estate
0.255,0.745,0.0,-0.6249,Scientists deliver ‘final warning’ on climate crisis: act now or it’s too late
0.443,0.46,0.098,-0.7906,Water ban in drought-stricken Tunisia adds to growing crisis | Global development
0.192,0.808,0.0,-0.2263,200 Russian Journalists Sign Letter Demanding U.S. Reporter’s Release
0.262,0.738,0.0,-0.5994,Japan declares war on pollen as hay fever epidemic grips the nation
0.167,0.833,0.0,-0.296,Deaf Australians and those with disabilities push to end exclusion from juries
0.0,1.0,0.0,0.0,"S. Korea, US, Japan nuclear envoys to discuss N. Korea"
0.0,0.804,0.196,0.296,WHO chief urges China to share information on COVID-19 origins
0.285,0.556,0.16,-0.4215,"On Al-Aqsa Violence, India Urges 'All Sides' to Maintain Calm"
0.0,1.0,0.0,0.0,Airbus to sell 50 helicopters to China in deal announced during Macron's visit
0.339,0.661,0.0,-0.6249,Violence resumes at Jerusalem holy site for 2nd night
0.0,0.833,0.167,0.5267,"India | Mob takes siblings for lovers, ties them to tree & beats them in Madhya Pradesh | Times of India"
0.429,0.571,0.0,-0.8176,"Terror chiefs Nasrallah, Haniyeh meet in Beirut to discuss cooperation amid violence"
0.0,1.0,0.0,0.0,"US sanctions on Georgian judges “unfair”, “unacceptable” - Vice Parliament Speaker"
0.67,0.33,0.0,-0.9042,Suspect In Kerala Train Fire That Killed 3 Arrested In Maharashtra
0.252,0.65,0.098,-0.4404,Russia Sentences Ex-Officers to 19 Years Over Anti-Mobilization Arson Attack
0.0,1.0,0.0,0.0,Tanzania forces the Maasai from their land to make way for trophy hunters and tourists
0.0,0.748,0.252,0.4019,Russia steps up efforts to boost army size – DW
0.309,0.691,0.0,-0.3976,Ukraine to buy more Rosomak combat vehicles
0.256,0.744,0.0,-0.4767,Two Canadian Women Arrested by RCMP Upon Return From Syria
0.0,1.0,0.0,0.0,Foxconn founder Gou says he will seek Taiwan presidency
0.239,0.761,0.0,-0.296,Macron’s Office Censors Taiwan Comments in Politico Interview
0.0,0.889,0.111,0.128,"IDF: 3 rockets launched from Syria at Golan Heights, one lands in Israeli territory"
0.383,0.512,0.104,-0.9287,Sweden arrests terrorism suspects after Quran burning outcry: Swedish intelligence said the suspects were linked to anti-Sweden protests that erupted following a Quran burning in Stockholm. The five men were detained by security services across several cities
0.415,0.585,0.0,-0.7269,High debt EU countries should cut debt ratio by 1%/GDP a year minimum -Germany
0.0,0.811,0.189,0.2732,Government report finds French energy sector '30 years behind schedule'
0.149,0.714,0.136,-0.0516,"Energy Ministry: Power temporarily lost for 5,000 people in Chernivtsi and Ivano-Frankivsk oblasts."
0.302,0.698,0.0,-0.5994,Ukraine's coal miners dig deep to power a nation at war
0.0,1.0,0.0,0.0,Japan's Diet starts deliberating bill on domestic defense-equipment production
0.437,0.563,0.0,-0.7351,Ukrainian Groups Look to Use DNA to Identify War Victims
0.239,0.761,0.0,-0.296,Lebanon to file complaint to UN against Israel
0.0,1.0,0.0,0.0,"""'No limit' are nothing but rhethoric."" China's Ambassador to the E.U. Tries to Distance Beijing From Moscow"
0.0,1.0,0.0,0.0,"India, Russia trade hit record high in 2022, settled in INR, ruble"
0.179,0.732,0.089,-0.2732,Japan SDF chopper with 10 members aboard goes missing near Okinawa
0.0,1.0,0.0,0.0,"Egyptian army has turned Sinai schools into military bases, says rights group"
0.286,0.714,0.0,-0.5574,"IDF: Hamas factions fired Lebanon rocket barrage, Iran involvement possible"
0.0,1.0,0.0,0.0,Major darknet marketplace Genesis dismantled
0.129,0.871,0.0,-0.5994,"Brazil's leftist President Luiz Inacio Lula da Silva will meet Chinese counterpart Xi Jinping in Beijing this week to discuss trade and Ukraine mediation, having overcome the pneumonia that forced him to postpone the trip"
0.0,0.887,0.113,0.3182,"Greenhouse gases continued to increase rapidly in 2022 | Carbon dioxide, methane and nitrous oxide rise further into uncharted levels"
0.221,0.779,0.0,-0.1779,Chinese warship starts live-fire drills near Taiwan
0.0,0.777,0.223,0.3182,"Hezbollah, Hamas heads meet, promise further 'resistance' against Israel"
0.0,1.0,0.0,0.0,Germany expected to introduce long-awaited cannabis legalization measure in two weeks
0.394,0.606,0.0,-0.8316,Gunmen kill at least 46 people in attack on rural village in Nigeria | Nigeria
0.0,1.0,0.0,0.0,Foxconn Founder Gou Says He Will Seek Taiwan Presidency
0.0,1.0,0.0,0.0,"France’s Macron ends trip to China with pact to bolster business, military ties"
0.0,1.0,0.0,0.0,"Xi willing to call Ukraine's Zelenskiy, EU chief says"
0.0,0.791,0.209,0.4404,"Union leaders from G7 members call for wage hikes, better working conditions"
0.0,1.0,0.0,0.0,German village elects Syrian refugee who fled his home in 2015 as mayor
0.188,0.812,0.0,-0.4588,Police Service Northern Ireland vehicle attacked with petrol bombs during republican parade in Londonderry
0.652,0.348,0.0,-0.8176,2 Dead in Marseille France building collapse
0.0,1.0,0.0,0.0,Nigeria-Morocco Gas Pipeline: Nigerian National Petroleum Corporation to Invest $12.5 Bln
0.704,0.296,0.0,-0.8591,Uzbekistan: domestic violence is now a criminal offense
0.36,0.64,0.0,-0.6705,Six killed as avalanche sweeps French Alps mountainside | CNN
0.623,0.377,0.0,-0.9217,BBC neglects to report fatal shooting of British-Israeli sisters as terror attack
0.0,1.0,0.0,0.0,Ukraine pushes for ‘warplane’ coalition
0.223,0.777,0.0,-0.3182,Ukraine launches mobile app to find war's lost children
0.159,0.841,0.0,-0.1779,"Mexico’s president slams Trump arrest, but most world leaders silent"
0.212,0.548,0.24,0.1027,Japan urges peace in Taiwan Strait as Beijing simulates attack
0.0,1.0,0.0,0.0,"Russian Oil Exports to India Surge 2,200% Following European Sanctions"
0.691,0.309,0.0,-0.9246,"Israel Strikes Lebanon, Gaza After Worst Attacks Since 2006 War"
0.192,0.808,0.0,-0.2263,"US House leader, Taiwan president meet as China protests"
0.412,0.588,0.0,-0.6808,"France tries alleged PKK figures accused of extortion, terror financing"
0.349,0.651,0.0,-0.8957,Russia Arrests American Journalist On Accusations of Spying. He Is The First American Journalist Detained for Espionage in Russia Since The End of The Cold War.
0.0,0.804,0.196,0.296,France and Germany join EU pushback against Hungary’s anti-LGBTQ+ law
0.083,0.773,0.144,0.2732,"World Bank lowers India’s growth forecast to 6.3%, says labour market needs to be more inclusive"
0.239,0.761,0.0,-0.296,Migrants refuse social assistance to keep residency rights
0.444,0.556,0.0,-0.6808,Israel strikes Lebanon and Gaza after major rocket attack
0.0,0.847,0.153,0.2023,European Parliament agrees on the recognition of ecocide in EU legislation
0.239,0.761,0.0,-0.296,US asks Turkiye to stop trade with Russia
0.0,0.842,0.158,0.128,IDF confirms three rockets launched at Israel from Syria
0.0,0.885,0.115,0.0762,"More Than 500,000 Without Power as Freezing Rain Coats Southwestern Quebec"
0.176,0.824,0.0,-0.128,China moves warships after US hosts Taiwan's Tsai
0.0,1.0,0.0,0.0,China simulates striking Taiwan on second day of drills
0.33,0.67,0.0,-0.7501,Bird flu is so bad that Japan is running out of land to bury chickens
0.158,0.842,0.0,-0.128,UNRWA staff in Gaza strike as demands remain unmet
0.0,1.0,0.0,0.0,French FM holds rare meeting with Iranian counterpart in China’s Beijing
0.0,1.0,0.0,0.0,"Denmark to transfer Leopard 1 tanks, Caesar howitzers to Ukraine by summer"
0.0,0.805,0.195,0.7003,EU has made Nintendo agree to offer free life time repairs of irresponsive Switch controllers. It’s in line with the recent ‘right-to-repair’ adopted in the EU.
0.415,0.585,0.0,-0.7269,Right to Health: The fight over who'll pay hospital bills of India's poor
0.435,0.565,0.0,-0.6597,"India launches villages programme in Arunachal, ignores angry China"
0.0,1.0,0.0,0.0,'One for the ages': Historical day for Fijian journalism as 'draconian' media law scrapped.
0.0,1.0,0.0,0.0,"Foreign ministers of Iran, Saudi Arabia meet in China | Politics News"
0.0,1.0,0.0,0.0,Philippines names 4 new military camps for U.S. forces
0.0,0.635,0.365,0.5574,Revised settlement agreement reached to compensate First Nations in Canada
0.229,0.771,0.0,-0.8934,"A 23-year-old Bangladeshi man who recounted his experience of being brutally tortured to DW's investigative unit at the hands of Bangladesh's elite counterterrorism force — the Rapid Action Battalion — was arrested on Sunday night, just days after the story was published"
0.092,0.908,0.0,-0.0572,Half of unmarried people under 30 in Japan do not want kids: Report
0.167,0.614,0.219,0.1531,Documents allege that Israel’s spy agency encouraged anti-government protests.
0.328,0.672,0.0,-0.5994,"India, China in war of words over journalist visas"
0.412,0.588,0.0,-0.6808,Arunachal Pradesh: India rejects China's attempt to rename disputed places
0.416,0.584,0.0,-0.7506,U.S. airstrike in Syria kills ISIS militant planning attacks in Europe
0.0,1.0,0.0,0.0,Saudi-led coalition lifts import restrictions in south Yemen
0.0,0.694,0.306,0.296,Tunisia Plans to Join BRICS Nations
0.256,0.744,0.0,-0.4767,Israel's North under attack by barrage of rockets from Lebanon
0.0,0.841,0.159,0.1779,Japan departs from refusal to extend aid for military purposes
0.263,0.67,0.067,-0.7906,"A senior Russian official, who is wanted by the International Criminal Court on war crimes charges, is set to virtually attend an informal UN Security Council meeting on Wednesday"
0.141,0.812,0.047,-0.5574,"Climate activists block key traffic points in Hamburg: Activists from the climate change group calling themselves ""Last Generation"" caused disruption at three important traffic points in the northern German city of Hamburg on Thursday"
0.0,0.814,0.186,0.1531,First Polish MiG-29 fighter jets arrive in Ukraine.
0.302,0.698,0.0,-0.5994,The cost of the Ukraine war for one Russian regiment
0.0,1.0,0.0,0.0,China’s ambassador calls declaration of “no limit friendship” with Russia “nothing but rhetoric”
0.212,0.662,0.126,-0.3182,Cisco Systems pulled out of russia and destroyed $23.42m worth of equipment
0.336,0.49,0.175,-0.5106,King Charles supports study into royal family slavery links
0.605,0.395,0.0,-0.8481,"2 murdered, 1 seriously wounded in shooting attack in Jordan Valley"
0.0,1.0,0.0,0.0,France’s Auvergne-Rhône-Alpes region to attempt humanitarian convoy passage into blockaded Nagorno Karabakh
0.0,0.596,0.404,0.7269,China's policy on Ukraine is to 'promote peace and dialogue' - Xi
0.182,0.606,0.212,0.128,Shadows of the Troubles linger 25 years after Northern Ireland peace deal
0.228,0.772,0.0,-0.8126,"Israel began calling up police and army reservists Saturday after separate attacks killed three people, including an Italian tourist, in Tel Aviv and the occupied West Bank"
0.0,1.0,0.0,0.0,EU Commission head: China has 'responsibility' in Ukraine
0.387,0.613,0.0,-0.9118,"Around 20 people have been killed in an attack in eastern DR Congo, with sources blaming rebels affiliated with the Islamic State jihadist group"
0.203,0.481,0.316,0.4767,Ukraine gives Russia two options: Leave Crimea peacefully or be ready for battle
0.0,0.763,0.237,0.4215,Macron: Europe must not become a vassal of the United States
0.0,1.0,0.0,0.0,India Says It Won't Regulate AI
0.0,0.762,0.238,0.3612,US pledges to keep pumping natural gas to Europe
0.111,0.657,0.232,0.34,US to call on allies to increase financial pressure on Russia and increase assistance to Ukraine
0.139,0.861,0.0,-0.4939,Pro-democracy activists in Sudan marched against the army and paramilitaries Thursday as the civilian opposition marked a key anniversary in the decades-old struggle against military rule with new protests
0.0,1.0,0.0,0.0,"Italian ex-leader Berlusconi hospitalized, reportedly in ICU"
0.215,0.579,0.207,-0.0258,China military 'ready to fight' after drills near Taiwan
0.0,0.56,0.44,0.6705,Dalai Lama apologises to young boy after kissing row
0.196,0.804,0.0,-0.296,Indian government accused of rewriting history after edits to schoolbooks
0.0,0.804,0.196,0.296,Irish PM seeks to restore Northern Ireland power-sharing within months
0.245,0.755,0.0,-0.3818,"Armenia will participate in NATO maneuvers, abandoning CSTO exercises"
0.302,0.698,0.0,-0.5994,Macron tells Xi to reason with Russia on Ukraine war
